model,accuracy,precision,recall_benign,recall_malware,f1,macro_f1,roc_auc,fpr,fnr,pred_S_ratio,TP,TN,FP,FN,training_time_sec,inference_time_ms_per_sample
Logistic Regression,0.7666666666666667,0.7333333333333333,0.75,0.7857142857142857,0.7586206896551724,0.7664071190211346,0.875,0.25,0.21428571428571427,0.5,11,12,4,3,0.005617099999653874,0.039959999897594876
Linear SVM,0.7333333333333333,0.7142857142857143,0.75,0.7142857142857143,0.7142857142857143,0.7321428571428572,0.8482142857142857,0.25,0.2857142857142857,0.4666666666666667,10,12,4,4,0.002479700000549201,0.027753333294337306
Random Forest,0.7666666666666667,0.7333333333333333,0.75,0.7857142857142857,0.7586206896551724,0.7664071190211346,0.8102678571428572,0.25,0.21428571428571427,0.5,11,12,4,3,0.09074279999913415,0.2110299999912968
Decision Tree,0.6333333333333333,0.5882352941176471,0.5625,0.7142857142857143,0.6451612903225806,0.6329254727474972,0.6383928571428572,0.4375,0.2857142857142857,0.5666666666666667,10,9,7,4,0.0014256999966164585,0.023583333313581534
KNN,0.7666666666666667,0.7058823529411765,0.6875,0.8571428571428571,0.7741935483870968,0.7664071190211346,0.8258928571428572,0.3125,0.14285714285714285,0.5666666666666667,12,11,5,2,0.0018698999992921017,12.689120000019708
MLP Neural Net,0.8666666666666667,0.8571428571428571,0.875,0.8571428571428571,0.8571428571428571,0.8660714285714286,0.9151785714285714,0.125,0.14285714285714285,0.4666666666666667,12,14,2,2,0.026840200000151526,0.03617333325867852
