experiment_id,feature_expr,feature_subset,k,accuracy_strict,precision,recall_benign,recall_malware,f1,macro_f1,pred_S_ratio,parse_ok_rate
raw_full_k1,raw,full,1,0.7,0.6333333333333333,0.5925925925925926,0.8260869565217391,0.7169811320754716,0.6989160979526294,0.6,1.0
semantic-risky-old_full_k1,semantic-risky-old,full,1,0.56,0.5116279069767442,0.2222222222222222,0.9565217391304348,0.6666666666666666,0.5098039215686274,0.86,0.98
semantic-neutral-fixed_full_k1,semantic-neutral-fixed,full,1,0.66,0.5789473684210527,0.4074074074074074,0.9565217391304348,0.7213114754098361,0.6427070197562001,0.74,0.98
