model,accuracy,precision,recall_benign,recall_malware,f1,macro_f1,roc_auc,fpr,fnr,pred_S_ratio,TP,TN,FP,FN,training_time_sec,inference_time_ms_per_sample
Logistic Regression,0.7,0.6111111111111112,0.48148148148148145,0.9565217391304348,0.7457627118644068,0.6899545266639107,0.7826086956521738,0.5185185185185185,0.043478260869565216,0.72,22,13,14,1,0.009210200005327351,0.01754800003254786
Linear SVM,0.72,0.6285714285714286,0.5185185185185185,0.9565217391304348,0.7586206896551724,0.7126436781609196,0.7890499194847022,0.48148148148148145,0.043478260869565216,0.7,22,14,13,1,0.003034900000784546,0.019292000215500593
Random Forest,0.64,0.5609756097560976,0.3333333333333333,1.0,0.71875,0.609375,0.785829307568438,0.6666666666666666,0.0,0.82,23,9,18,0,0.08240240000304766,0.12361200002487749
Decision Tree,0.68,0.7333333333333333,0.8518518518518519,0.4782608695652174,0.5789473684210527,0.6604414261460102,0.6650563607085346,0.14814814814814814,0.5217391304347826,0.3,11,23,4,12,0.0011478999949758872,0.011202000023331493
KNN,0.7,0.6111111111111112,0.48148148148148145,0.9565217391304348,0.7457627118644068,0.6899545266639107,0.7190016103059582,0.5185185185185185,0.043478260869565216,0.72,22,13,14,1,0.0017856999911600724,34.51848400000017
MLP Neural Net,0.72,0.6285714285714286,0.5185185185185185,0.9565217391304348,0.7586206896551724,0.7126436781609196,0.8132045088566827,0.48148148148148145,0.043478260869565216,0.7,22,14,13,1,0.03249629998754244,0.049654000031296164
