experiment_id,feature_expr,feature_subset,k,accuracy_strict,precision,recall_benign,recall_malware,f1,macro_f1,pred_S_ratio,parse_ok_rate
raw_full_k5,raw,full,5,0.8333333333333334,0.7368421052631579,0.6875,1.0,0.8484848484848485,0.8316498316498316,0.6333333333333333,1.0
semantic_full_k5,semantic,full,5,0.6666666666666666,0.5833333333333334,0.375,1.0,0.7368421052631579,0.6411483253588517,0.8,1.0
