model,accuracy,precision,recall_malware,f1,macro_f1,roc_auc,fpr,fnr,TP,TN,FP,FN,training_time_sec,inference_time_ms_per_sample
Logistic Regression,0.685,0.6608695652173913,0.76,0.7069767441860465,0.683218101822753,0.7557,0.39,0.24,76,61,39,24,0.011568699992494658,0.004810499958693981
Linear SVM,0.69,0.6666666666666666,0.76,0.7102803738317757,0.6884735202492211,0.7363999999999999,0.38,0.24,76,62,38,24,0.0032543000124860555,0.0048454999341629446
Random Forest,0.685,0.648,0.81,0.72,0.6799999999999999,0.74425,0.44,0.19,81,56,44,19,0.08034200000111014,0.03222650004317984
Decision Tree,0.6,0.5757575757575758,0.76,0.6551724137931034,0.5894909688013137,0.6,0.56,0.24,76,44,56,24,0.0013309000059962273,0.004427999956533313
KNN,0.705,0.6694214876033058,0.81,0.7330316742081447,0.7017113678303293,0.7474,0.4,0.19,81,60,40,19,0.0019057999888900667,8.118866000004346
