model,accuracy,precision,recall_benign,recall_malware,f1,macro_f1,roc_auc,fpr,fnr,pred_S_ratio,TP,TN,FP,FN,training_time_sec,inference_time_ms_per_sample
Logistic Regression,0.74,0.6923076923076923,0.7037037037037037,0.782608695652174,0.7346938775510204,0.7398959583833533,0.8518518518518519,0.2962962962962963,0.21739130434782608,0.52,18,19,8,5,0.004759299990837462,0.016448000096715987
Linear SVM,0.74,0.7083333333333334,0.7407407407407407,0.7391304347826086,0.723404255319149,0.7390606182256123,0.8341384863123994,0.25925925925925924,0.2608695652173913,0.48,17,20,7,6,0.0025138999917544425,0.01641800015931949
Random Forest,0.72,0.6666666666666666,0.6666666666666666,0.782608695652174,0.72,0.72,0.7922705314009661,0.3333333333333333,0.21739130434782608,0.54,18,18,9,5,0.07807980000507087,0.12041799986036494
Decision Tree,0.62,0.5625,0.48148148148148145,0.782608695652174,0.6545454545454545,0.6161616161616161,0.6320450885668277,0.5185185185185185,0.21739130434782608,0.64,18,13,14,5,0.0012137000012444332,0.010999999940395355
KNN,0.72,0.6666666666666666,0.6666666666666666,0.782608695652174,0.72,0.72,0.7785829307568438,0.3333333333333333,0.21739130434782608,0.54,18,18,9,5,0.001640300004510209,28.974077999882866
MLP Neural Net,0.76,0.72,0.7407407407407407,0.782608695652174,0.75,0.7596153846153846,0.8566827697262479,0.25925925925925924,0.21739130434782608,0.5,18,20,7,5,0.038477100009913556,0.02472199994372204
