model,accuracy,precision,recall_benign,recall_malware,f1,macro_f1,roc_auc,fpr,fnr,pred_S_ratio,TP,TN,FP,FN,training_time_sec,inference_time_ms_per_sample
Logistic Regression,0.76,0.6666666666666666,0.5925925925925926,0.9565217391304348,0.7857142857142857,0.7564935064935066,0.8341384863123994,0.4074074074074074,0.043478260869565216,0.66,22,16,11,1,0.004175100009888411,0.016540000215172768
Linear SVM,0.76,0.6666666666666666,0.5925925925925926,0.9565217391304348,0.7857142857142857,0.7564935064935066,0.8341384863123994,0.4074074074074074,0.043478260869565216,0.66,22,16,11,1,0.002666999993380159,0.01654199993936345
Random Forest,0.76,0.6666666666666666,0.5925925925925926,0.9565217391304348,0.7857142857142857,0.7564935064935066,0.8462157809983897,0.4074074074074074,0.043478260869565216,0.66,22,16,11,1,0.07609309999679681,0.1144679999561049
Decision Tree,0.68,0.6129032258064516,0.5555555555555556,0.8260869565217391,0.7037037037037037,0.677938808373591,0.6908212560386473,0.4444444444444444,0.17391304347826086,0.62,19,15,12,4,0.0010935000027529895,0.01156199985416606
KNN,0.72,0.6285714285714286,0.5185185185185185,0.9565217391304348,0.7586206896551724,0.7126436781609196,0.7375201288244768,0.48148148148148145,0.043478260869565216,0.7,22,14,13,1,0.0017334000003756955,29.03022399987094
MLP Neural Net,0.8,0.7096774193548387,0.6666666666666666,0.9565217391304348,0.8148148148148148,0.7987117552334944,0.8470209339774557,0.3333333333333333,0.043478260869565216,0.62,22,18,9,1,0.022119800007203594,0.01890799991087988
